{
  "log": {
    "loglevel": "error",
    "access": "/var/log/xray/access.log",
    "error": "/var/log/xray/error.log"
  },
  "api": {
    "tag": "api",
    "services": [
      "HandlerService",
      "LoggerService",
      "StatsService"
    ]
  },
  "stats": {},
  "policy": {
    "levels": {
      "0": {
        "statsUserUplink": true,
        "statsUserDownlink": true
      }
    },
    "system": {
      "statsInboundUplink": true,
      "statsInboundDownlink": true,
      "statsOutboundUplink": true,
      "statsOutboundDownlink": true
    }
  },
  "dns": {
    "servers": [
      "https+local://cloudflare-dns.com/dns-query",
      "1.1.1.1",
      "1.0.0.1",
      "8.8.8.8",
      "8.8.4.4"
    ]
  },
  "inbounds": [
    {
      "listen": "0.0.0.0",
      "port": 443,
      "protocol": "vless",
      "settings": {
        "clients": [
          {
            "flow": "",
            "id": "3cddba83-e4b1-4ea2-9240-98f4ac49d0e5"
          }
        ],
        "decryption": "none",
        "fallbacks": []
      },
      "streamSettings": {
        "network": "ws",
        "security": "none",
        "wsSettings": {
          "acceptProxyProtocol": false,
          "headers": {},
          "heartbeatPeriod": 0,
          "host": "",
          "path": "/rss"
        }
      },
      "sniffing": {
        "enabled": false,
        "destOverride": [
          "http",
          "tls",
          "quic"
        ],
        "metadataOnly": false,
        "routeOnly": false
      },
      "allocate": {
        "strategy": "always",
        "refresh": 5,
        "concurrency": 3
      }
    }
  ],
  "outbounds": [
    {
      "protocol": "freedom",
      "tag": "direct"
    },
    {
      "protocol": "blackhole",
      "tag": "blocked"
    }
  ],
  "routing": {
    "domainStrategy": "IPIfNonMatch",
    "rules": [
      {
        "inboundTag": [
          "api"
        ],
        "outboundTag": "api",
        "type": "field"
      },
      {
        "domain": [
          "domain:iqiyi.com",
          "domain:video.qq.com",
          "domain:youku.com"
        ],
        "type": "field",
        "outboundTag": "blocked"
      },
      {
        "type": "field",
        "ip": [
          "geoip:cn",
          "geoip:private"
        ],
        "outboundTag": "blocked"
      },
      {
        "protocol": [
          "bittorrent"
        ],
        "type": "field",
        "outboundTag": "blocked"
      }
    ]
  }
}